Decade,Lifetime Gross - Adjusted ($)
1980-1989,46242815.52801819
1990-1999,45964756.71811299
2000-2009,47442482.84192202
2010-2019,39210890.85660369
